{
  "project_info": {
    "project_number": "670749811086",
    "firebase_url": "https://morfiappweb2020.firebaseio.com",
    "project_id": "morfiappweb2020",
    "storage_bucket": "morfiappweb2020.appspot.com"
  },
  "client": [
    {
      "client_info": {
        "mobilesdk_app_id": "1:670749811086:android:15a3a190811f7dc805c4df",
        "android_client_info": {
          "package_name": "com.bastisapp.mobileapp3"
        }
      },
      "oauth_client": [
        {
          "client_id": "670749811086-9lkf7tfacpcfv7eg4v69nravia8ab08v.apps.googleusercontent.com",
          "client_type": 3
        }
      ],
      "api_key": [
        {
          "current_key": "AIzaSyC-S6ZthzRtPJQWejMq4x723WpUiCHJ6dQ"
        }
      ],
      "services": {
        "appinvite_service": {
          "other_platform_oauth_client": [
            {
              "client_id": "670749811086-9lkf7tfacpcfv7eg4v69nravia8ab08v.apps.googleusercontent.com",
              "client_type": 3
            }
          ]
        }
      }
    }
  ],
  "configuration_version": "1"
}