{
    "name": "com.bastisapp.mobileapp3",
    "displayName": "Karenderia App Version 2",
    "dependencies": {             	          	    	   
	    "cordova-plugin-whitelist": "1.3.4",	    
        "com-sarriaroman-photoviewer": "1.2.4",
        "cordova-plugin-buildinfo": "4.0.0",
        "cordova-plugin-camera": "4.1.0",
        "cordova-plugin-device": "2.0.3",
        "cordova-plugin-facebook4": "6.4.0",
        "cordova-plugin-file-transfer": "1.7.1",
        "cordova-plugin-geolocation": "4.0.2", 
        "cordova-plugin-googleplus": "8.5.1", 
        "cordova-plugin-inappbrowser": "3.2.0",
        "cordova-plugin-media": "5.0.2",
        "cordova-plugin-network-information": "2.0.2",
        "cordova-plugin-splashscreen": "5.0.3",
        "cordova-plugin-x-socialsharing": "5.6.5",
        "cordova.plugins.diagnostic": "5.0.1",
        "cordova-plugin-request-location-accuracy": "2.3.0",
        "uk.co.workingedge.phonegap.plugin.launchnavigator": "5.0.4",
        "cordova-plugin-ionic-webview": "5.0.0", 
        "cordova-plugin-apprate": "1.5.0",  		
	    "cordova-plugin-firebasex": "10.1.2-cli"      
    },
    "cordova": {
        "plugins": {           
          "cordova-plugin-whitelist": {},		    
          "com-sarriaroman-photoviewer": {},
          "cordova-plugin-buildinfo": {},
          "cordova-plugin-camera": {},
          "cordova-plugin-device": {},
          "cordova-plugin-facebook4": {
             "APP_ID": "2049491728632651",
             "APP_NAME": "Karenderia"
          },
          "cordova-plugin-file-transfer": {},
            "cordova-plugin-geolocation": {},  
            "cordova-plugin-googleplus": {
                "REVERSED_CLIENT_ID": "com.googleusercontent.apps.46158489047-3a9m0f5gg4p9aemeo3vmh971dphtc3dn",
                "PLAY_SERVICES_VERSION": "17.0.0"
            },
            "cordova-plugin-inappbrowser": {},
            "cordova-plugin-media": {},
            "cordova-plugin-network-information": {},
            "cordova-plugin-splashscreen": {},
            "cordova-plugin-x-socialsharing": {},
            "cordova.plugins.diagnostic": {},
            "cordova-plugin-request-location-accuracy": {
               "PLAY_SERVICES_VERSION": "17.0.0"
            },
            "uk.co.workingedge.phonegap.plugin.launchnavigator": {
               "GOOGLE_API_KEY_FOR_ANDROID": "",
               "OKHTTP_VERSION": "3.12.1"
            },            
            "cordova-plugin-ionic-webview": {},   
            "cordova-plugin-apprate": {},         		    
			"cordova-plugin-firebasex": {
	           "ANDROID_ICON_ACCENT": "#FF11FF11",
	           "FIREBASE_ANALYTICS_COLLECTION_ENABLED": "false",
	           "FIREBASE_PERFORMANCE_COLLECTION_ENABLED": "false",
	           "FIREBASE_CRASHLYTICS_COLLECTION_ENABLED": "false",
	           "SETUP_RECAPTCHA_VERIFICATION": "true",
	           "IOS_STRIP_DEBUG": "true"
		    }        
        }        
    },
    "scripts": {
        "monaca:preview": "npm run dev",
        "dev": "browser-sync start -s www/ --watch --port 8080 --ui-port 8081"
    },
    "devDependencies": {
        "browser-sync": "^2.24.5",
        "cordova": "^9.0.0"
    }
}